FID,token,names,latitude,longitude,identifier,counts
0,Rome,"['Roma', 'Roma, Rōma', 'Rome', 'Ῥώμῃ', 'Rhome, Rhṓmē, Rome', 'Rom', 'روما', 'Ρώμη', 'रोम', 'ローマ', 'Рим', '罗马市', 'Ῥώμη', 'ܪܘܡܝ', 'الرومية', 'Roma Capitale', 'Urbs aeterna', 'Urbs', 'Romë', 'Rzym']",41.891775,12.486137,http://pleiades.stoa.org/places/423025,59
1,Trajan,['Arco di Traiano'],41.132522,14.779208,http://pleiades.stoa.org/places/568637774,24
2,earth,"['oceanus Atlanticus', 'Atlanticus Oceanus', 'Gaditanus Oceanus', 'Hispanus Oceanus', 'Hesperius Oceanus', 'Occidentalis Oceanus']",37.5,-12.5,http://pleiades.stoa.org/places/845,5
3,Aethiopia,"['Nubia', 'ܢܘܒܗ', 'Aethiopia', 'Αἰθίοπες', 'Ethiopia', 'Αἰθιοπίας']",12.5,37.5,http://syriaca.org/place/630,1
4,Europe,['Europe'],?,?,http://pleiades.stoa.org/places/536074,1
5,Germany,"['Visurgis', 'Weser', 'Οὐίσουργις']",52.54852865,9.0083933,http://pleiades.stoa.org/places/99060,2
6,the Atlantic Ocean,"['Ouergionios Okeanos', 'Celtic Sea']",50,-9,http://pleiades.stoa.org/places/79632,2
7,Euphrates,"['Εὐφράτης', 'Euphrates', 'Arahtu', 'Buranun', 'Purattu', 'al-Furāt, al-Furat, el-Furat, al-Forat, el-Forat, Furat, Forat', 'Puranade', 'Firat', 'al Furāt, al Furat, el Furat, el Furāt', 'al-Furat', 'Firat Nehri', 'Omma', 'Nahr al-Furāt, Nahr al-Furat, Nahr el-Furat, Nahr el-Furāt', 'Fırat, Firat', 'Fırat Nehri, Firat Nehri', 'Euphrat', 'Euphratēs, Euphrates', 'Mala', 'Eprat', 'Purattum', 'Gattu', 'ܦܪܬ', 'الفرات']",31.5,44.5,http://pleiades.stoa.org/places/912849,4
8,Arabia,"['Arabia', 'ܐܬܪ̈ܘܬܐ ܕܥܪ̈ܒܝܐ']",30.27761415,34.70301497,http://pleiades.stoa.org/places/981506,4
9,Africa,['Africa'],32.64030169,7.454251561,http://pleiades.stoa.org/places/775,12
10,Britain,"['Britannia', 'Albion', 'Βρεττανία', 'Britain', 'برطينية']",53.826,-2.422,http://pleiades.stoa.org/places/20419,13
11,Caesar,['Bibroci'],?,?,http://pleiades.stoa.org/places/83819,13
12,Ireland,"['Λίβνιος', 'Libnios']",?,?,http://pleiades.stoa.org/places/21906,13
13,Scotland,['Selgoouai'],55.5,-3.5,http://pleiades.stoa.org/places/89289,2
14,Edinburgh,['Cramond'],55.9776575,-3.3001325,http://pleiades.stoa.org/places/89153,2
15,Dacia,"['Dacia', 'Δακία', 'Dacia (Roman province)', 'Dacie (province romaine)', 'Dacia (provincia romana)', 'Dacia Traiana', 'Dacia Felix', 'Dakien (römische Provinz)']",45.5,22.5,http://pleiades.stoa.org/places/207065,5
16,Tibiscus,"['Tibiscum', 'Jupa, Obreja', 'Τιβίσκον']",45.459075,22.186456,http://pleiades.stoa.org/places/207495,1
17,the Euxine Sea,"['Pontus Euxinus', 'Black Sea', 'Πόντος', 'ܝܡܐ ܐܘܟܡܐ', 'بحر بنطس']",43.0786852,34.7425505,http://pleiades.stoa.org/places/1224,1
18,Armenia,"['Armenia', 'ܐܪܡܢܝܐ', 'ارمينية']",39.5,40.5,http://pleiades.stoa.org/places/874350,4
19,the Persian gulf,"['Persicus Sinus', 'Erythraeum Mare', 'Erythrum Mare', 'Tamtu Shaplitu', 'Persian Gulf', 'الخليج الفارسي', 'خلیج فارس', 'Arabo-Persian Gulf', 'The Gulf', 'Britain Sea', 'al-khalīj al-ʿarabī', 'لخلیج العربي', 'Arabian Gulf', 'al-khalīj al-fārisī', 'Khalīj-i Fārs', 'Khalīj Fāris', 'Al Khalīj al Fārisī', 'Islamic Gulf', 'Golfo Persico', 'PG', 'Bahr Faris', '1- Persian Gulf', 'The Persian Gulf', 'Golfo Pérsico', 'Persidski Zaliv', 'Gulf of Iran', 'Arab Gulf', 'بحر فارس', 'Sinus Persicus', 'Persischer Golf', 'Golfo di Persia', 'Gulf of Basra']",27.0000001,50.9999999,http://pleiades.stoa.org/places/29713,1
20,India,"['India', 'Ἰνδία', 'ܗܢܕܘ', 'الهند', 'Bharat', 'ভারত', 'Indien', 'Ινδία', 'Inde', 'भारत', 'インド', 'ਭਾਰਤ', 'Índia', 'Индия', '印度', 'Unión India', 'Republic of India', 'Hindistan', 'Ấn Độ', 'Indi', 'Indie']",22.5,77.5,http://pleiades.stoa.org/places/50004,3
21,Iberia,"['Ἰβηρία', 'Iberia', 'Iberes', 'Ἰβηρία\xa0']",42.5,43.5,http://pleiades.stoa.org/places/863807,1
22,Albania,"['Albania', 'Ἀλβανία']",41.5,47.5,http://pleiades.stoa.org/places/863731,1
23,Osrhoene,['Osrhoene'],36.35530371,39.30512782,http://pleiades.stoa.org/places/991406,1
24,Mesopotamia,['Mesopotamia'],37.5,37.5,http://pleiades.stoa.org/places/981534,2
25,Jupiter,"['Tempio esastilo nel Foro', 'Tempio o Basilica di Giove', 'Temple of Jupiter', 'Erario', 'Erario pubblico', 'Tesoro', 'Tempio di Venere Fisica Pompeiana', 'Tempio della triade Capitolina', 'Tempio di Giove, Giunone e Minerva', 'Senaculum', 'Curia', 'Aerarium', 'Templum lovis optimi maximi', 'Templum lovis opt. max.', 'Templum of Jupiter, Ceres et Venus Pompeiana', 'Capitolium', 'VII.8.1']",40.7497988,14.4844999,http://pleiades.stoa.org/places/367026512,4
26,Caledonia,"['Caledonia', 'Calidonia', 'Caledoni', 'Καληδονία']",57.5,-4.5,http://pleiades.stoa.org/places/89132,1
27,the Upper Egypt,"['Panopolis', 'Schmin', 'Akhmim', 'Chemmis', 'Πανὸς Πόλις', 'Χεμμις', 'Πανὸς πόλις', 'Khemmis', 'Ekhmin', 'Akhmûn', 'Panospolis', 'Paloupolis', 'Ахмим', 'Akhmīm', 'Chemin', 'al-Ahmim', 'el-Achmim', 'أخميم', 'Achmim', 'Echmim', 'Ipu', 'Chenmet-Min', 'Xnt Mnw']",26.563897,31.744276,http://pleiades.stoa.org/places/756613,1
28,Italy,"['Italia', 'Repubblica Italiana', 'Republic of Italy', 'ايطاليا', 'ইতালী', 'Italien', 'Ιταλία', 'Italy', 'Italie', 'इटली', 'イタリア', 'Itália', 'Италия', '意大利', 'República Italiana', 'il Bel Paese', 'إيطاليا', 'イタリア共和国', 'Italian Republic', 'Ἰταλία', 'ܐܝܛܐܠܝ', 'Itali', 'İtalya', 'Włochy', 'Italia (Ý)', 'Ý']",43,12,http://betamasaheft.eu/places/LOC3940Italy,31
29,Roman,['Roman Agora'],37.974038,23.7261021,http://pleiades.stoa.org/places/773761100,7
30,Spain,['Presa de Román'],38.318672,-1.2778259,http://pleiades.stoa.org/places/559027219,11
31,Cappadocia,['Cappadocia'],39.25,35.75,http://pleiades.stoa.org/places/628949,2
32,East,['East Coker'],50.914898,-2.65855,http://pleiades.stoa.org/places/79443,7
33,the Upper Germany,"['Visurgis', 'Weser', 'Οὐίσουργις']",52.54852865,9.0083933,http://pleiades.stoa.org/places/99060,1
34,Rhaetia,"['Brigantium', 'Brigantii', 'Bregenz', 'ブレゲンツ', 'Брегенц', 'Μπρέγκεντζ', '布雷根茨', 'Brégence', 'بريغنز', 'Βριγάντιον', 'Bregencja']",47.503041,9.747061,http://pleiades.stoa.org/places/187325,3
35,Noricum,"['Noricum', 'Norici', 'Νωρικόν']",47.39343982,13.26112992,http://pleiades.stoa.org/places/187490,3
36,Pannonia,"['Pannonia', 'Pannonii', 'Παννονία']",46.5,15.5,http://pleiades.stoa.org/places/197425,4
37,Syria,['Syria'],38.295542,20.592532,http://pleiades.stoa.org/places/531109,10
38,Egypt,"['Aigyptos', 'Αἴγυπτος']",32.5,32.5,http://pleiades.stoa.org/places/1001943,15
39,Tyre,"['Tyrus', 'Col. Septimia Severa', 'Ṣuru, Suru', 'Ṣūru, Suru', 'Ṭūrā, Tura', 'Ṣūr, Sur, Sour', 'Ṭūra', 'Tyr', 'Ṣor, Sor', 'Ṣurru, Surru', 'Sur', 'Colonia Sept. T.', 'Colonia Septimia T., Colonia Septimia Tyra, Colonia Sept. T., Col. Septimia T.', 'Col. Septimia T.', 'Τύρος', 'Tyros', 'Tyre (Tyrus)', 'صور']",33.271624,35.198329,http://pleiades.stoa.org/places/678437,1
40,Marseilles,"['Massalia', 'Massilia', 'Marseille', 'Μασσαλία', 'Massalía, Massalia', 'Μασσαλία', 'Marsiglia', 'Marsella', 'مارسيليا', 'マルセイユ', 'Marselha', 'Марсель', '马赛', 'मार्सैय', 'Marseilles', 'Marsylia', 'Marsilya']",43.296854,5.382499,http://pleiades.stoa.org/places/148127,1
41,Mediterranean,"['Cyprus', 'Insvla Cypros', 'Insula Cypros', 'Κύπρος', 'ܩܘܦܪܘܣ']",35,33,http://pleiades.stoa.org/places/707498,10
42,Adriatic,"['Hadriaticum', 'Adriaticum', 'Superum Mare', 'Ἀδρία, Ἀδριατικὸν', 'Adriatic Sea', 'أذريس']",42.7752864,15.885196,http://pleiades.stoa.org/places/1004,2
43,Naples,"['Parthenope', 'Νεάπολις', 'Neapolis', 'Naples', 'Napoli', 'Crypta Neapolitana, Napoli', 'Neapel', 'Nápoles', 'نابولي', 'ナポリ', 'Неаполь', '那不勒斯', 'नापोलि', 'Napule', 'নেপলস', 'Νάπολη', 'Νεάπολις', 'Neapol']",40.839995,14.25287,http://pleiades.stoa.org/places/433014,3
44,Provence,"['Glanum', 'Saint-Rémy', 'Saint-Rémy-de-Provence', 'サン＝レミ＝ド＝プロヴァンス', 'St Remy Provence', 'Saint Remy Provence', 'سان ريمي دو بروفنس', 'সেন্ট-রেমি-দে-প্রোভিন্স', 'Сен-Реми-де-Прованс', '圣雷米', 'سانت ريمي دي بروفنس']",43.776409,4.831013,http://vici.org/vici/16624,1
45,Rhine,"['Rhenus', 'Rhein', 'ὁ Ῥῆνος', 'Rhine', 'Rhin', 'Ῥῆνος']",46.6325,8.672222,http://pleiades.stoa.org/places/109277,3
46,kingdom,['Pyramids of Meroe'],16.9385538,33.7493469,http://pleiades.stoa.org/places/97711900,1
47,Lusitania,"['República Portuguesa', 'Lusitania', 'البرتغال', 'পর্তুগাল', 'Portugal', 'Πορτογαλία', 'पुर्तगाल', 'Portogallo', 'ポルトガル', 'Португалия', '葡萄牙', 'برتغال', 'Republic of Portugal', 'ポルトガル共和国', 'Portuguese Republic', 'Λουσιτανία', 'Portugallia', 'Portugalia', 'Portugali', 'Portekiz', 'Bồ Đào Nha']",36.094,-18.729,http://sws.geonames.org/2264397,1
48,Baetica,"['Obulco', 'Municipium Pontificense', 'Porcuna']",37.870867,-4.184754,http://pleiades.stoa.org/places/265982,2
49,The kingdom of Portugal,['Aroche'],37.9436167,-6.9539589,http://pleiades.stoa.org/places/575823155,1
50,North,['North Wraxall'],51.47376,-2.263136,http://pleiades.stoa.org/places/79619,3
51,Grenada,"['Iliberri', 'Elvira', 'Municipium Florentinum', 'Granada', 'Granata', 'Grenade', 'غرناطة', 'グラナダ', 'Гранада', 'جرينادا', 'Γρανάδα', 'Grenada', 'グレナダ', '格拉纳达', 'গ্রানাডা', 'Granada (Granada)', 'Granada(O) / Granada(M) / Granada(P) / Andalucía']",37.176484,-3.597934,http://pleiades.stoa.org/places/265921,1
52,Andalusia,"['Oretania', 'Oretani', 'Ὠρητανοί', 'Oretanoi']",38.5,-3.5,http://pleiades.stoa.org/places/265989,1
53,Murcia,['Murcia'],37.9923795,-1.1305431,http://pleiades.stoa.org/places/810796636,1
54,Valencia,"['Valentia', 'Valencia', 'Valence', 'Οὐαλεντία', 'Valenza', 'بلنسية', 'バレンシア', 'Valência', 'Валенсия', 'Βαλένθια', '巴倫西亞', 'ਵਾਲੈਂਸੀਆ', 'Valensiya', 'Walencja']",39.470371,-0.376813,http://pleiades.stoa.org/places/266090,1
55,Catalonia,['Alba'],41.9697285,2.7430492,http://pleiades.stoa.org/places/246154,1
56,Tarragona,"['Col. Tarraco', 'Col. Iulia Urbs Triumphalis', 'Tarragona', 'Ταρράκων']",41.114588,1.258617,http://pleiades.stoa.org/places/246349,1
57,France,"['Corsica', 'Κύρνος', 'Kyrnos', 'Κύρνος']",42,9,http://pleiades.stoa.org/places/472063,1
58,Switzerland,['Alpes Graiae'],45.25,6.75,http://pleiades.stoa.org/places/167637,1
59,Languedoc,"['Taurus', 'stagna Volcarum', 'Volcarum Stagna']",43.25,3.75,http://pleiades.stoa.org/places/148211,1
60,Loire,"['Liger', 'Ledo', 'Loire', 'Λίγηρ']",45.6203426,4.2283744,http://pleiades.stoa.org/places/138420,1
61,Leyden,"['Matilo', 'Roomburg, Leiden', 'Leyden', 'Leiden', 'Leyde', 'Leida', 'ライデン', 'Лейден', 'Λέιντεν', 'لايدن', '莱顿', 'লাইডেন', 'ليدن', 'Lejdeni', 'Lejda', 'Lugdunum Batavorum']",52.150265,4.518428,http://pleiades.stoa.org/places/99008,1
62,the Lower Germany,"['Visurgis', 'Weser', 'Οὐίσουργις']",52.54852865,9.0083933,http://pleiades.stoa.org/places/99060,1
63,the Roman province,['Cyprus'],35.14052197,33.40349071,http://pleiades.stoa.org/places/981516,2
64,England,['Ancalites'],?,?,http://pleiades.stoa.org/places/83811,2
65,Wales,['Silures'],51.5,-3.5,http://pleiades.stoa.org/places/79686,2
66,Belgae,['Belgae'],51.5,-2.5,http://pleiades.stoa.org/places/79326,1
67,South Wales,['Silures'],51.5,-3.5,http://pleiades.stoa.org/places/79686,1
68,Norfolk,['Norfolk Street'],52.632569,-1.15091,http://pleiades.stoa.org/places/79617,1
69,Hercules,"['Scombraria', 'Hercules', 'Isla Escombreras', 'Scombraria Ins.']",37.5,-0.5,http://pleiades.stoa.org/places/266032,4
70,Antoninus,"['Amphitheatre in Trier', 'Das Amphitheater in Trier']",49.74801075,6.64883955,http://pleiades.stoa.org/places/588236457,3
71,Po,"['Padus', 'Eridanus', 'Po', 'Ἠριδανὸς']",45.25,11.25,http://pleiades.stoa.org/places/393469,1
72,Genoa,"['Ianua', 'Genua', 'Genova', 'Gênes', 'Genoa', 'Γένουα', 'Genès', 'Génova', 'جنوة', 'ジェノヴァ', 'Генуя', 'जेनोआ', 'Genes', 'Cenova']",44.405366,8.929235,http://pleiades.stoa.org/places/383664,1
73,Venice,"['Venezia', 'Venise', 'Venice', 'Venedig', 'Venecia', 'البندقية', 'Βενετία', 'ヴェネツィア', 'Veneza', 'Венеция', '威尼斯', 'ベニス', 'ヴェニス', 'Venetia', 'Venediku', 'Venedik', 'Wenecja']",45.4375,12.335833,http://pleiades.stoa.org/places/818739154,1
74,Adige,"['Athesis', 'Atesis', 'Adige', 'Etsch']",46.834444,10.514722,http://pleiades.stoa.org/places/393383,1
75,Sabines,"['Varia', 'Vicovaro']",42.018193,12.896194,http://pleiades.stoa.org/places/423115,1
76,Volsci,"['Volsci', 'Οὐόλσκοι']",41.25,13.25,http://pleiades.stoa.org/places/433208,1
77,Samnites,['Samnites'],41.25,14.75,http://pleiades.stoa.org/places/442765,1
78,Istria,"['Histria', 'Histropolis', 'Istropolis', 'Istros', 'Istria', 'Ἰστρία', 'Caranasuf', 'Caranasut', 'Istrus', 'Karanasuf']",44.5476,28.7748,http://pleiades.stoa.org/places/216839,1
79,the south-east,"['Indicum Mare', 'Indian Ocean', 'بحر الهند وفارس والصين']",-20,80,http://pleiades.stoa.org/places/39352,1
80,Dalmatia,"['Dalmatia', 'Δαλματία']",44.5,15.5,http://pleiades.stoa.org/places/197240,1
81,Thrace,"['Thrake', 'Θρᾴκη', 'Thrace', 'ܬܪܐܩܝܐ', 'Thrakē', 'Θράκη', 'Thracia', 'Thrakia']",42.5,27.5,http://pleiades.stoa.org/places/1001889,2
82,Macedonia,"['Macedonia', 'Μακεδονία', 'ܡܩܕܘܢܝܐ']",41.25,21.75,http://pleiades.stoa.org/places/491656,2
83,Greece,"['Πελοποννήσος', 'Peloponnesus', 'Ἀπία', 'Apia', '’Ιναχία', 'Inachia', 'Πελοπόννησος', 'Pelopónnēsos, Peloponnesos', 'Πελοπόννασος', 'Pelopónnasos, Peloponnasos', 'Peloponnes']",37.54,22.15,http://pleiades.stoa.org/places/570577,10
84,Alps,"['Alpes Iuliae', 'Alpes Venetae', 'Julian Alps', 'Monte Tricorno']",46.33,13.75,http://pleiades.stoa.org/places/197108,3
85,Inn,"['Töging am Inn', 'Töging', 'توغينغ', 'Тёгинг-на-Инне', '因河畔特金格', 'Töging a. Inn']",48.25475,12.586775,http://pleiades.stoa.org/places/118994,1
86,Bavaria,"['Sorviodurum', 'Straubing', 'Штраубинг', '施特劳宾']",48.8867769,12.5964322,http://pleiades.stoa.org/places/118968,1
87,Augsburg,"['Augusta Vindelicum', 'Aelia Augusta', 'Augsburg', 'Augsberg', 'Augsburgo', 'آوغسبورغ', 'Augsbourg', 'Augusta', 'アウクスブルク', 'Άουγκσμπουργκ', 'アウグスブルク', 'Аугсбург', 'আউগ্\u200cসবুর্গ', 'औग्स्बुर्ग', '奥格斯堡', 'Αὐγούστα Οὐινδελικῶν', 'Augusta Vindelicorum']",48.365463,10.894765,http://pleiades.stoa.org/places/118580,1
88,Austria,"['Tragisamus', 'Tragisa', 'Traisen']",48.1869545,15.6331596,http://pleiades.stoa.org/places/118996,4
89,the Lower Hungary,['Cavares'],43.75,4.75,http://pleiades.stoa.org/places/148042,1
90,Hungary,"['Savaria', 'Szombathely', 'Colonia Claudia Savaria', 'Steinamanger', 'Σαουαρία', 'Olad', 'Kámon', 'Sabaria', 'Szombatehly', 'Perint', 'Herény', 'Szentkirály', 'Zanat', 'Gyöngyöshermán', 'Szombatnely', 'ソンバトヘイ', 'Сомбатхей', '松博特海伊']",47.235142,16.62192,http://pleiades.stoa.org/places/197498,2
91,Ragusa,"['Castiglione, Ragusa']",36.950799,14.650095,http://pleiades.stoa.org/places/462144,1
92,Croatia,"['Pharus', 'Stari Grad', 'Φάρος', 'Cittavecchia', 'Стари Град', 'スタリー・グラード', 'Стариград', '斯塔里格勒']",43.184286,16.601041,http://pleiades.stoa.org/places/197433,1
93,Bosnia,['Argentariae Dalmaticae et Pannonicae'],44.5,18.5,http://pleiades.stoa.org/places/209137,1
94,Ister,"['Danuvius', 'Istros', 'Hister', 'Danube', 'Donau', 'Danubius', 'Δάνυβις', 'ὁ Ἴστρος', 'Ἴστρος']",48.02,8.34,http://pleiades.stoa.org/places/226577,1
95,the Ottoman Porte,"['Voludnia', 'Saint-Jean-de-la-Porte']",45.550687,6.125118,http://pleiades.stoa.org/places/167979,1
96,Danube,"['Danuvius', 'Istros', 'Hister', 'Danube', 'Donau', 'Danubius', 'Δάνυβις', 'ὁ Ἴστρος', 'Ἴστρος']",48.02,8.34,http://pleiades.stoa.org/places/226577,2
97,Bulgaria,"['Getae', 'Γέται']",44.5,25.5,http://pleiades.stoa.org/places/216817,1
98,Antonines,"['Villa degli Antonini', 'Villa degli Antonini, Genzano di Roma']",41.6930206,12.6963469,http://pleiades.stoa.org/places/422838,1
99,Rhodope,"['Perperakion, Murgovo']",41.715067,25.476829,http://pleiades.stoa.org/places/501557,1
100,The kingdom of Macedonia,"['Πέλλα', 'Pella', 'Diokletianoupolis', 'Bounomos', 'Bounomeia', 'Pela', 'Αρχαία Πέλλα', 'Пелла', 'Πέλλα', 'Pélla']",40.760033,22.525642,http://pleiades.stoa.org/places/491687,1
101,Asia,['Asia'],?,?,http://pleiades.stoa.org/places/915832,1
102,Epirus,"['Épire', 'Ήπειρος', 'Epirus', 'Epiro', 'Ἤπειρος', 'Ipiros', 'Epirus (Region)', 'Ipeiros']",39.64,20.695,http://sws.geonames.org/6697804,2
103,Thessaly,"['Orthe', 'Φάλαννα', 'Phalanna', 'Damasouli', 'Ορθές']",39.708507,22.193106,http://pleiades.stoa.org/places/540992,2
104,Thebes,"['Thebae', 'Θήβα', 'Thiva, Thíva', 'Thebes', 'Θῆβαι', 'Thebai, Thēbai', 'Thiva', 'Thebai', 'Theben', 'Thēbai', 'Thíva', 'Tebas', 'Θηβαι', 'Θήβαι', 'Thívai', 'Thèbes']",38.319236,23.317355,http://pleiades.stoa.org/places/541138,1
105,Argos,"['Argos', 'Stauros, Nisyros', 'Ἄργος']",36.579408,27.13944,http://pleiades.stoa.org/places/599516,1
106,Sparta,"['Sparta', 'Sparti', 'Σπάρτα', 'ἱερὸν Ἀρτέμιδος Ὀρθίας', 'Spárti', 'Lakedaímon', 'Spartē', 'Lacedaemon', 'Esparta', 'Σπαρτη', 'Lacedemonia', 'Λακεδαιμων', 'Sparte', 'Lakedaimon', 'Σπάρτη']",37.073678,22.430937,http://pleiades.stoa.org/places/570685,2
107,Athens,"['Athenae', 'Athens', 'Αθήνα', 'Athina, Athína', 'Ἀθῆναι', 'Athēnai, Athenai', 'Athen', 'Athína', 'Athènes', 'Αθήνα', 'Athínai', 'Atene', 'Afini', 'Athénes', 'Athinia', 'Athenai', 'Atenas', 'أثينا', 'アテネ', 'Афины', '雅典', 'Αθήναι', 'Αθηνα', 'Αθηναι', 'Ateny', 'Atina', 'Athina', 'Athēnai', 'Athēna']",37.971687,23.726464,http://pleiades.stoa.org/places/579885,12
108,Achaia,['Achaia'],?,?,http://pleiades.stoa.org/places/30202,12
109,Asia Minor,"['Pisidia', 'Πισιδία']",37.25,30.75,http://pleiades.stoa.org/places/639060,1
110,Mount Taurus,"['Taurus mons', 'Taurus M.', 'Taurus', 'Toros', 'Toros Dağları, Toros Daghlari, Toros Daglari', 'Tauros', 'Toros Daǧları', 'Demirkazık Dağı, Toros Dağları', 'Taurus Mons', 'Όρη Ταύρου', 'Taurus Mountains', 'Ταῦρος']",38.25,37.75,http://pleiades.stoa.org/places/648792,1
111,Halys,"['Halys', 'Maraššant(ij)a, Maraššantija, Maraššanta, Marashantiya, Marashanta, Maraššantiya', 'Ḳızıl Irmaḳ, Qizil Irmaq, Kizil Irmak', 'Kizilirmak', 'Halys, Alys', 'Nahr Ālis, Nahr Alis', 'Kizil Irmak', 'Kızılırmak, Kizilirmak, Kızıl Irmak, Kizil Irmak, Kisil Irmak, Kizzel Irmak', 'Ἅλυς', 'Kızılırmak', 'İnallıballı', 'Kâhyalı']",41.6767598,35.9295291,http://pleiades.stoa.org/places/857148,2
112,Troy,"['Ilium', 'Troia', 'Troy', 'Troja', 'Τροία', 'Troía, Troia', 'Hisarlık', 'Ἴλιον,Τροίη']",39.9575,26.238889,http://pleiades.stoa.org/places/550595,1
113,Lydia,"['Lydia', 'Maionia', 'Λυδία', 'ܠܘܕܝܐ']",38.5,28,http://pleiades.stoa.org/places/550701,1
114,Ionia,"['İzmir', 'İzmir Vilâyeti', 'Ionia', 'Ἰωνία', 'Iōnía, Ionia']",38.675,27.395,http://sws.geonames.org/311044,1
115,Bithynia,"['Bithynia', 'Βιθυνία']",40.25,29.25,http://pleiades.stoa.org/places/511189,2
116,the Roman Asia,"['Elaioussa', 'Sebaste', 'Ayaş', 'Ἐλαιοῦσσα', 'Eleusia', 'Ayash']",36.483813,34.174114,http://pleiades.stoa.org/places/648628,1
117,Alexander,"['Περίτας', 'Peritas']",?,?,http://pleiades.stoa.org/places/889966867,1
118,Upper Asia,"['Adiabene', 'Akabene', 'Ἀρτακηνὴ', 'Artakene', 'Ἀδιαβηνή']",35.5,43.5,http://pleiades.stoa.org/places/893935,1
119,the Red Sea,"['Arabicus Sinus', 'Erythraeum', 'Erythrum', 'Rubrum Mare', 'Indike Thalassa', 'Red Sea', 'Ἐρυθρὰ θάλασσα', 'البحر الأخير', 'Khalīj al Qulzum', 'K’ey Bahir', 'Sinus Arabicus', 'Mer Rouge', 'Rotes Meer', 'Aethiopia', 'Rode Zee', 'Mar Rojo', 'Mar Rosso', 'Mare Rubrum', 'Arabikos Kolpos', 'Erythra Thalassa']",19,39.5,http://pleiades.stoa.org/places/39290,4
120,Phoenicia,"['Φοινίκη', 'Phoenice', 'Φοινική']",33.25,35.25,http://pleiades.stoa.org/places/678334,1
121,Palestine,"['Palaestina', 'Παλαιστίνη', 'Filasṭīn', 'ܦܠܫܬ']",31.25,34.75,http://pleiades.stoa.org/places/687995,2
122,Ptolemies,"['Çamlıdere', 'Chamlidere']",37.67134,28.31395,http://pleiades.stoa.org/places/631385926,2
123,Nile,"['Nilus', 'Nile river', 'Nile', 'Neilos', 'an-Nīl, al-Nil, en-Nil, el-Nil', 'Nil', 'Νεῖλος', 'Neilos, Neĩlos', 'النيل', 'Nijl', 'el Nilo', 'Nilo', 'al-Nil', 'Al Baḩr al A‘z̧am', 'Nile River', 'Fayḑ Mişr', 'Nahr el-Nîl', 'El Bahr', 'Bahr en Nīl', 'Nahr an Nīl', 'Nahr an Nil', 'Nin', 'Nili', 'نهر النيل', 'jtr.w', ""'river'"", 'Hapj', 'pA-jtr.w-aA', ""'the great river'"", 'Piaro', 'Phiaro']",29.7497813,31.2705999,http://pleiades.stoa.org/places/727172,5
124,Sahara,['Nigris'],34.5,5.5,http://pleiades.stoa.org/places/334602,1
125,the republic of Carthage,"['დიდი ლიახვი', 'Didi Liakhvi', 'Greater Liakhvi River', 'Стыр Леуахи', 'Styr Lewakhi', ' Большая Лиахви', ""Bol’shaya Liakhvi, Bol'shai͡a Liakhvi, Bol’shaya Lyakhva, Bol’shiye Liakhvi, Bolshoi Liakhvi, Bolshoĭ Liakhvi""]",42.33304465,43.9192384,http://pleiades.stoa.org/places/978527351,1
126,Tripoli,"['Oea', 'Macar Oea', 'Oeenses', 'Tripoli', 'Ἐῶα', 'Ocea colonia', 'Osa col.', 'Ţarābulus', 'Aea', 'Ţarābulus al Gharb', 'Ea', 'Taràbles', 'Tarabulus el Gharb', 'Trípoli', 'Tripolis', 'Τρίπολη', 'طَرَابُلُس', 'Триполи', 'ताराबूलस', 'طرابلس', 'トリポリ', 'ত্রিপোলি', 'ਤਰਾਬਲਸ', '的黎波里', 'Tarables', 'Tarabulus', 'Tarabulus al Gharb', 'Tripoly', 'Trypolis', 'Trablus']",32.897586,13.175266,http://pleiades.stoa.org/places/344456,1
127,Tunis,"['Τύνης', 'Tunes, Týnēs', 'Tunis', 'Tunes', 'Tunis-Ville', 'Tunisi', 'Tunez', 'Túnez', 'تونس', 'チュニス', 'Тунис', '突尼斯', 'Τύνιδα', '突尼斯市', 'ट्यूनिस', 'ਤੂਨਿਸ', 'Tunus']",36.79923,10.171649,http://pleiades.stoa.org/places/315233,1
128,Algiers,"['Icosium', 'الجزائر', 'al-Jazā’ir', ""Madīnat al-Dschazā'ir (Alger)"", 'Alger', 'Argel', 'Algier', 'Al-jezair', 'Algeri', 'Al Jazair', 'Algiers', 'アルジェ', 'Алжир', 'Αλγέρι', 'ਅਲ-ਜਜ਼ਾਇਰ', 'আলজিয়ার্স', '阿爾及爾', 'अल्जीयर्स', 'Algeria', 'ولاية الجزائر', 'Cezayir']",36.7718,3.056709,http://pleiades.stoa.org/places/295276,1
129,Numidia,['Numidia'],36.25,6.25,http://pleiades.stoa.org/places/305120,2
130,Massinissa,"['Abrotonum', 'Sabratha', 'Ἀβρότονον', 'Abrotonon', 'Abrotunum', 'Habrotunum', 'Sabrata', 'Siburata', 'Ἀλάθρα', 'Σάβραθα', 'Σαράθρα', 'صبراتة', 'Marsa Sabrata', 'Marsa Sabràtha', 'Сабрафа']",32.805896,12.484959,http://pleiades.stoa.org/places/344282,1
131,Mauritania,"['Mauritania Perosis', 'Mauritania Salinarum']",?,?,http://pleiades.stoa.org/places/278623,1
132,Tingi,"['Tingi', 'Tingitani', 'Thymiaterion', 'Tanger', 'Tingis', 'Tangier', 'Τιγγίς', 'Τίγγις']",35.787924,-5.810048,http://pleiades.stoa.org/places/275736,1
133,Tingitana,['Mauretania Tingitana'],35.25,-5.75,http://pleiades.stoa.org/places/275673,1
134,Morocco,"['Lixus', 'Lixox', 'Lunx']",35.1147428,-6.033041,http://pleiades.stoa.org/places/275667,2
135,Mount Atlas,"['Carmel M.', 'Κάρμηλος', 'Karmelos', 'Mount Carmel', 'Carmel Mons']",32.7286111,35.0466669,http://pleiades.stoa.org/places/678084,1
136,Atlantic,"['Britannicum Mare', 'English Channel', 'la Manche']",50,-2,http://pleiades.stoa.org/places/20420,1
137,the Mediterranean Sea,"['Mulucha', 'Malva']",35.1142583,-2.345498,http://pleiades.stoa.org/places/285491,1
138,Great Britain,"['Britannia', 'Albion', 'Βρεττανία', 'Britain', 'برطينية']",53.826,-2.422,http://pleiades.stoa.org/places/20419,1
139,Corsica,"['Corsica', 'Κύρνος', 'Kyrnos', 'Κύρνος']",42,9,http://pleiades.stoa.org/places/472063,1
140,Sardinia and Sicily,"['Buduntini', 'Lago di Baratz']",40.6814887,8.2218591,http://pleiades.stoa.org/places/471896,1
141,Cyprus,['Cyprus'],35.14052197,33.40349071,http://pleiades.stoa.org/places/981516,1
142,Malta,"['Melita', 'Mdina / Rabat', 'Republic of Malta', 'State of Malta', 'مالطة', 'Malta', 'Μάλτα', 'Malte', 'माल्टा', 'マルタ', 'Мальта', '马耳他', 'Isla de Malta', 'Malta Island', 'マルタ島', 'مالطا', 'মাল্টা', 'Repubblika ta’ Malta', 'Μελίτη', 'Malthe', 'Man-ta', 'Maltë']",35.8851671,14.4001243,http://pleiades.stoa.org/places/462310,1
143,the Western Ocean,"['Thule', 'Shetland', 'Thule Inss.', 'Θούλη']",60.3962008,-1.4088929,http://pleiades.stoa.org/places/20624,1
144,the Temperate Zone,"['Zoitia', 'Zoiteion', 'Zone', 'Ζοίτειον']",37.468145,22.141115,http://pleiades.stoa.org/places/570765,1
145,China,"['Lithinos Pyrgos', 'Tashkurgan CHN']",37.774616,75.22933,http://pleiades.stoa.org/places/59897,1
146,Olympian,"['Olympos M.', 'Ὀλυμπιεῖον']",37.875,23.875,http://pleiades.stoa.org/places/580042,1
147,the Capitoline Jupiter,"['mons Tarpeius', 'Monte Capitolino', 'Capitoline Hill', 'mons Capitolinus', 'Καπιτώλιον']",41.8925778,12.4822154,http://pleiades.stoa.org/places/347036492,1
148,Calabria,"['Calabria', 'Calabri', 'Καλαβρία']",40.75,17.75,http://pleiades.stoa.org/places/442518,1
149,Tusculum,"['Tusculum', 'Tuscolo', 'Tuscolo, Monte Porzio Catone', 'Τούσκουλον']",41.798246,12.710716,http://pleiades.stoa.org/places/423108,1
150,Etruria,"['Etruria', 'Tuscia', 'Rasna', 'Τυρρηνία']",43.75,11.75,http://pleiades.stoa.org/places/413122,1
151,Mithridates,"['Eupatoria', 'Magnopolis']",40.5,36.5,http://pleiades.stoa.org/places/857122,1
152,Gaul,['Menapii'],50.5,3.5,http://pleiades.stoa.org/places/109156,2
153,Thames,"['Tamesis', 'Thames', 'Ταμέσα']",51.4989,0.6087,http://pleiades.stoa.org/places/79705,1
154,Tiber,['Isola Tiberina'],41.890833,12.477222,http://pleiades.stoa.org/places/771725842,1
155,Atticus,"['Redicolo, Roma']",41.865147,12.516453,http://pleiades.stoa.org/places/423022,2
156,Troas,"['Τρῳάς', 'Troas', 'Troad']",39.915,26.27,http://pleiades.stoa.org/places/550944,1
157,Neptune,"['Tempio di Nettuno', 'Second Temple of Hera']",40.419813,15.0050313,http://pleiades.stoa.org/places/42219804,1
158,Nero,"['Monte Nero, Castro dei Volsci']",41.717809,14.070344,http://pleiades.stoa.org/places/432954,1
159,Romulus,['Luceres'],41.891775,12.486137,http://pleiades.stoa.org/places/749375794,1
160,Aquileia,"['Aquileia', 'Ἀκυληία', 'Aquilée', 'Aquileja', 'アクイレイア', 'Аквилея', 'Akwileja']",45.768259,13.364601,http://pleiades.stoa.org/places/187290,1
161,Padua,"['Patavium, Patauium', 'Patavium', 'Padova', 'Padua', 'Padoue', 'بادوفا', 'パドヴァ', 'Pádua', 'Падуя', '帕多瓦', 'Padoa', 'Πατάουιον', 'Padwa']",45.409561,11.876975,http://pleiades.stoa.org/places/393473,1
162,Milan,"['Mediolanium', 'Mediolanvm', 'Mediolanum', 'Milan', 'Milano', 'Mailand', 'Milán', 'ميلانو', 'ミラノ', 'Milão', 'Милан', 'Μεδιολάνιον', 'Милано', 'Mediolan']",45.463746,9.18806,http://pleiades.stoa.org/places/383706,1
163,London,"['Londres', 'Londra', 'London', 'لندن', 'Λονδίνο', 'लंदन', 'ロンドン', 'Лондон', 'লন্ডন', '伦敦', 'ਲੰਡਨ', 'Londinium', 'Augusta', 'Λονδίνιον', 'ܠܘܢܕܘܢ', 'The City', 'City of London', 'London City', 'Luân Đôn', 'Londyn']",51.50722222,-0.1275,http://betamasaheft.eu/places/LOC4325London,1
164,Paris,"['Lutetia', 'Lutecia', 'Luticia', 'Paris', 'Λουκοτοκία', 'Loutokotia', 'Lutetia Parisiorum', 'Luteci', 'Luteci, LVTECI', 'Parisius', 'Lutèce', 'Ville-Lumière', 'París', 'باريس', 'Παρίσι', 'Parigi', 'パリ', 'Париж', '巴黎', 'Paname', 'Pantruche', 'पैरिस', 'প্যারিস', 'ਪੈਰਿਸ', 'Λουκοτεκία', 'ܦܐܪܝܣ', 'Parisi', 'Paryż', 'Париз', 'Lutece', 'Pa-ri', 'Lutetia Parisorum']",48.855847,2.342384,http://pleiades.stoa.org/places/109126,1
165,Arles,"['Theline', 'Col. Arelate', 'Constantina', 'Col. Iulia Paterna Sextanorum Arelate', 'Arles', 'Arles-sur-Rhône', 'Arles-Trinquetaille', 'Arlés', 'アルル', 'Арль', 'Αρλ', '阿爾勒', 'آرل', 'Ἀρελᾶτε', 'Arelate']",43.677616,4.630799,http://pleiades.stoa.org/places/148217,1
166,Toulouse,"['Purpan-Ancely', 'Tolosa', 'Col. Iulia Tolosa', 'Civ. Tectosagum', 'Tolosates', 'Toulouse', 'تولوز', 'トゥールーズ', 'Тулуза', 'Tolosa de Francia', '圖盧茲', 'तुलूज़', 'Τουλούζ', 'ਟੁਲੂਜ਼', 'Τολῶσσα', 'Τουλούζη', 'Tuluza']",43.614749,1.397603,http://pleiades.stoa.org/places/246580,1
167,Laodicea,['Laodicea'],?,?,http://pleiades.stoa.org/places/897792,1
168,Smyrna,"['Naulochon', 'Smyrna', 'Palaia Smyrna', 'Bayraklı', 'Bayrakli', 'Izmir', 'İzmir, Izmir', 'Bayraklı, Bayrakli', 'Izmīr, Izmir', 'Smyrnē', 'Smyrna, Smyrnē, Smyrne', 'Yazmīr, Yazmir', 'Σμύρνη', 'Bayatika', 'Hadja Mucha', 'Bayrali']",38.463574,27.166791,http://pleiades.stoa.org/places/550771,1
169,Antioch,"['Antiochia', 'Theoupolis', 'Iopolis', 'Antiocheia epi Daphnē, Antiocheia on Daphne', 'Anṭaqya', 'Antiocheia', 'Antakya', 'Anṭākiya, Antakiya, Antakiyah, Antakiyya, Antakiyyah', 'Anṭaḳya, Antaqya', 'Anṭākya', 'Anṭakya, Antakya', 'Hatay', 'III Gallica (Vesp.) garrison, III Gallica (Vespasian) garrison', 'Antiocheia am Orontes', 'Antiocheia am Orontēs, Antiocheia epi Orontou, Antiocheia on the Orontes', 'Antioch', 'Ἀντιόχεια', 'Ἀντιόχεια', 'ܐܢܛܝܘܟܝܐ', 'انطاكية']",36.200663,36.165318,http://pleiades.stoa.org/places/658381,1
170,Alexandria,['Alexandria'],?,?,http://pleiades.stoa.org/places/876562,1
171,Jerusalem,"['Ierusalem', 'Hierosolyma', 'Col. Aelia Capitolina', 'Colonia Aelia Capitolina', 'Ailia', 'Aelia Capitolina', 'Yǝrušalayim', 'Yėrūšalayim', 'Yǝrūšȧlayim', ""Īliyāʾ, Iliya', Iliya, Iliya, Iliya"", ""Īliyā, Īliyāʾ, Īlyāʾ, Ilya', Ilya, Iliya, Iliya'"", 'Quds-e Šerīf, Quds-e Sherif', 'Quds-i Šerīf, Quds-i Sherif', 'Bait al-Maqdis, Bayt al-Maqdis, Beit el-Maqdis, Beyt el-Maqdis, Bayt al-Muqaddas, Bait al-Muqaddas, Beyt el-Muqaddas, Beit el-Muqaddas', 'Ursalimmu', 'Jerusalem', 'Ierousalēm, Ierousalem, Jerousalem', 'yrwšlm', 'al-Quds, el-Quds, al-Kuds', 'Quds-i Šarīf, Quds-i Sharif', 'al Quds, el Quds', 'Quds', 'Urusalim', 'Yǝrušȧlayim, Yerushalayim', 'Ἱεροσόλυμα', 'Ἱεροσόλυμα', 'ܐܘܪܫܠܡ', 'Yerushalayim', 'Al Quds', 'Yirushalāyim', 'El Quds esh Sherif', 'El Kuds', 'Gerusalemme', 'Al-Kuds', 'Kouds', 'ساليم', 'مريّا', 'يبوس', 'ورشليم', 'Иерусалим', 'صهيون', 'Zion', 'اريئيل', 'Ariel', 'إيلياء', 'لقدس', 'القدس الشريف', 'al-Quds aš-Šarīf', 'Ir Ha-Qodesh', 'بيت المقدس', 'Bayt al-Maqdis', 'Bayt al-Muqaddas', 'البلا', 'al-Balat', 'Ir Ha-Qdoosha', 'Ir David', 'Jerusalén', 'القدس', 'জেরুসালেম', 'Ιερουσαλήμ', 'Jérusalem', 'यरुशलम', 'エルサレム', 'Jerusalém', '耶路撒冷', 'ਜੇਰੂਸਲਮ', 'القدس القديمة', 'Sion', 'Σιων', 'Hierousalēm', 'Kudüs', 'Jerusalemi', 'Moria', 'Μωριας', 'Σολυμα', 'Αριηλ', 'Hierusalem', 'Jerozolima', 'Σαλημ', 'Ιεροσολυμα', 'Ιερουσαλημ', 'Iebus', 'Ιεβους', 'Salem', 'Ιεροσόλυμα']",31.776679,35.234156,http://pleiades.stoa.org/places/687928,1
172,Ostia,"['Ostia', 'Ὤστια', 'Ostia Antica']",41.754855,12.287656,http://pleiades.stoa.org/places/422995,1
173,West,['Masumabad West'],29.961872,52.766892,http://pleiades.stoa.org/places/922678,1
174,Sicily,"['Sicile', 'Sicily', 'Sicilia', 'Sizilien', 'Regione Siciliana', 'صقلية', 'Σικελία', 'シチリア', 'シチリア島', 'Sicília', 'Сицилия', '西西里岛', 'Regione Autonoma Siciliana', 'Región de Sicilia', 'সিসিলি দ্বীপপুঞ্জ', 'ਸਿਚੀਲੀਆ', 'सिसिली', 'Trinacria', 'Sikelía, Sikelia', 'Isola di Sicilia', 'Sicilya', 'Sycylia']",37.59995833,14.01537778,http://betamasaheft.eu/places/LOC5714Sicily,1
175,Baltic,"['Suebicum Mare', 'Baltic Sea']",58,20,http://pleiades.stoa.org/places/20618,1
176,Myos-hormos,"['Myos Hormos', 'Quseir', 'Μυὸς Ὅρμος', 'Muòs Hórmos, Muos Hormos, Myos Hormos', 'Quseir el-Qadim', 'Aphrodites Hormos', 'Μυος Ὅρμος', 'Ἀφροδίτης Ὅρμος', 'Μυὸς ὅρμος']",26.156611,34.24401,http://pleiades.stoa.org/places/786069,1
177,Malabar,"['Limyrike', 'Malabar', 'ܡܝܠܝܒܪ']",12.5,77.5,http://pleiades.stoa.org/places/50092,1
178,Zeno,"['Maiensis Statio', 'Castel San Zeno, Merano', 'Zenoburg, Meran', 'Meran', 'Merano', 'メラーノ', 'Мерано']",46.669126,11.163976,http://pleiades.stoa.org/places/187465,1
179,Actium,"['Actium Pr.', 'Akra Akri']",38.923568,20.749775,http://pleiades.stoa.org/places/530772,1
180,Octavianus,['Octavianus Ager'],?,?,http://pleiades.stoa.org/places/252223,1
181,The Asiatic Greeks,"['Ἰταλία', 'Italia, Italía', 'Italía, Italia']",38.25,16.25,http://pleiades.stoa.org/places/452346,1
182,Aricia,"['Aricia', 'Ἀρικία', 'Arikia', 'Ariccia', 'アリッチャ']",41.721691,12.674053,http://pleiades.stoa.org/places/422844,1
183,Germanicus,"['Saalburg', 'Castellum Saalaburgense', 'Ζάαλμπουρκ', 'Kastell Saalburg']",50.271217,8.566991,http://pleiades.stoa.org/places/109297,2
184,Judea,"['Emmaus', 'Nicopolis', 'Imwas', 'Ἀμμαοῦς']",31.83926,34.989193,http://pleiades.stoa.org/places/687891,1
185,Marcus,['Marco Pedonio'],41.951766,12.71357,http://pleiades.stoa.org/places/422969,1
